{"cameraMode":{"drawMode":0,"name":"Shaded","section":"Shading Mode"},"sceneLighting":false,"audioPlay":false,"sceneViewState":{"showFog":true,"showMaterialUpdate":false,"showSkybox":false,"showFlares":true,"showImageEffects":true,"showParticleSystems":true},"in2DMode":false,"pivot":{"x":14.932638168334961,"y":3.26600980758667,"z":-8.445229530334473},"rotation":{"x":0.08186309039592743,"y":-0.49998316168785097,"z":0.047547273337841037,"w":0.8608452677726746},"size":0.2256399691104889,"orthographic":false}