{"cameraMode":{"drawMode":0,"name":"Shaded","section":"Shading Mode"},"sceneLighting":true,"audioPlay":false,"sceneViewState":{"showFog":true,"showMaterialUpdate":false,"showSkybox":true,"showFlares":true,"showImageEffects":true,"showParticleSystems":true},"in2DMode":false,"pivot":{"x":-60.258419036865237,"y":-0.529990553855896,"z":-0.04176783561706543},"rotation":{"x":0.01832817867398262,"y":-0.6566965579986572,"z":0.015968957915902139,"w":0.7537630200386047},"size":4.273593902587891,"orthographic":false}