{"cameraMode":{"drawMode":0,"name":"Shaded","section":"Shading Mode"},"sceneLighting":true,"audioPlay":false,"sceneViewState":{"showFog":true,"showMaterialUpdate":false,"showSkybox":true,"showFlares":true,"showImageEffects":true,"showParticleSystems":true},"in2DMode":false,"pivot":{"x":-5.493997573852539,"y":1.190324306488037,"z":-0.7668404579162598},"rotation":{"x":-0.03489242121577263,"y":0.8617347478866577,"z":-0.059823956340551379,"w":-0.5026101469993591},"size":2.978229284286499,"orthographic":false}