{"cameraMode":{"drawMode":0,"name":"Shaded","section":"Shading Mode"},"sceneLighting":false,"audioPlay":false,"sceneViewState":{"showFog":true,"showMaterialUpdate":false,"showSkybox":false,"showFlares":true,"showImageEffects":true,"showParticleSystems":true},"in2DMode":false,"pivot":{"x":0.9512017369270325,"y":0.24865451455116273,"z":0.005323096644133329},"rotation":{"x":-0.02350141853094101,"y":-0.6311477422714233,"z":0.019136466085910798,"w":-0.7750703692436218},"size":2.8578836917877199,"orthographic":false}