{"cameraMode":{"drawMode":0,"name":"Shaded","section":"Shading Mode"},"sceneLighting":true,"audioPlay":false,"sceneViewState":{"showFog":true,"showMaterialUpdate":false,"showSkybox":true,"showFlares":true,"showImageEffects":true,"showParticleSystems":true},"in2DMode":false,"pivot":{"x":9.861021995544434,"y":4.147150993347168,"z":-0.7755823135375977},"rotation":{"x":-0.17925937473773957,"y":0.6739420890808106,"z":-0.1737462282180786,"w":-0.695327639579773},"size":11.952224731445313,"orthographic":false}