{"cameraMode":{"drawMode":0,"name":"Shaded","section":"Shading Mode"},"sceneLighting":false,"audioPlay":false,"sceneViewState":{"showFog":true,"showMaterialUpdate":false,"showSkybox":false,"showFlares":true,"showImageEffects":true,"showParticleSystems":true},"in2DMode":false,"pivot":{"x":1.4127662181854249,"y":1.7339813709259034,"z":-1.1253281831741334},"rotation":{"x":0.10422094166278839,"y":-0.6818935871124268,"z":0.099093958735466,"w":0.717174768447876},"size":0.22564107179641725,"orthographic":false}