{"cameraMode":{"drawMode":0,"name":"Shaded","section":"Shading Mode"},"sceneLighting":true,"audioPlay":false,"sceneViewState":{"showFog":true,"showMaterialUpdate":false,"showSkybox":true,"showFlares":true,"showImageEffects":true,"showParticleSystems":true},"in2DMode":false,"pivot":{"x":8.690510749816895,"y":2.3889665603637697,"z":13.443544387817383},"rotation":{"x":-0.06861643493175507,"y":-0.13516250252723695,"z":0.00938248261809349,"w":-0.9884001612663269},"size":10.0,"orthographic":false}