{"cameraMode":{"drawMode":0,"name":"Shaded","section":"Shading Mode"},"sceneLighting":true,"audioPlay":false,"sceneViewState":{"showFog":true,"showMaterialUpdate":false,"showSkybox":true,"showFlares":true,"showImageEffects":true,"showParticleSystems":true},"in2DMode":false,"pivot":{"x":11.24211597442627,"y":9.889374732971192,"z":3.7103633880615236},"rotation":{"x":-0.19248108565807343,"y":0.7840228080749512,"z":-0.2953876256942749,"w":-0.5108869671821594},"size":5.553188800811768,"orthographic":false}