{"cameraMode":{"drawMode":0,"name":"Shaded","section":"Shading Mode"},"sceneLighting":true,"audioPlay":false,"sceneViewState":{"showFog":true,"showMaterialUpdate":false,"showSkybox":true,"showFlares":true,"showImageEffects":true,"showParticleSystems":true},"in2DMode":false,"pivot":{"x":7.3756256103515629,"y":6.162821292877197,"z":4.781923770904541},"rotation":{"x":0.05218558385968208,"y":-0.9387552738189697,"z":0.29844510555267336,"w":0.16415174305438996},"size":1.829938292503357,"orthographic":false}