{"cameraMode":{"drawMode":0,"name":"Shaded","section":"Shading Mode"},"sceneLighting":true,"audioPlay":false,"sceneViewState":{"showFog":true,"showMaterialUpdate":false,"showSkybox":true,"showFlares":true,"showImageEffects":true,"showParticleSystems":true},"in2DMode":false,"pivot":{"x":10.669946670532227,"y":1.9769527912139893,"z":-3.0196142196655275},"rotation":{"x":0.021088557317852975,"y":0.947245717048645,"z":0.06374002248048783,"w":-0.31339773535728457},"size":5.498116493225098,"orthographic":false}