{"cameraMode":{"drawMode":0,"name":"Shaded","section":"Shading Mode"},"sceneLighting":true,"audioPlay":false,"sceneViewState":{"showFog":true,"showMaterialUpdate":false,"showSkybox":true,"showFlares":true,"showImageEffects":true,"showParticleSystems":true},"in2DMode":false,"pivot":{"x":-1.9402539730072022,"y":4.2125773429870609,"z":7.921013832092285},"rotation":{"x":0.13023220002651215,"y":-0.8688095808029175,"z":0.35896846652030947,"w":0.3152003288269043},"size":11.46504020690918,"orthographic":false}