{"cameraMode":{"drawMode":0,"name":"Shaded","section":"Shading Mode"},"sceneLighting":true,"audioPlay":false,"sceneViewState":{"showFog":true,"showMaterialUpdate":true,"showSkybox":true,"showFlares":true,"showImageEffects":true,"showParticleSystems":true},"in2DMode":false,"pivot":{"x":0.2658139169216156,"y":0.15067005157470704,"z":7.241763114929199},"rotation":{"x":-0.0016369065269827843,"y":-0.9925001859664917,"z":0.12149837613105774,"w":-0.01337149553000927},"size":7.871828556060791,"orthographic":false}