{"cameraMode":{"drawMode":0,"name":"Shaded","section":"Shading Mode"},"sceneLighting":false,"audioPlay":false,"sceneViewState":{"showFog":true,"showMaterialUpdate":false,"showSkybox":false,"showFlares":true,"showImageEffects":true,"showParticleSystems":true},"in2DMode":false,"pivot":{"x":0.5578970313072205,"y":-0.3699597716331482,"z":1.0010275840759278},"rotation":{"x":-0.13353541493415833,"y":-0.24638696014881135,"z":0.03429686650633812,"w":-0.9593151807785034},"size":2.6503801345825197,"orthographic":false}