{"cameraMode":{"drawMode":0,"name":"Shaded","section":"Shading Mode"},"sceneLighting":true,"audioPlay":false,"sceneViewState":{"showFog":true,"showMaterialUpdate":false,"showSkybox":true,"showFlares":true,"showImageEffects":true,"showParticleSystems":true},"in2DMode":false,"pivot":{"x":-120.90061950683594,"y":-60.071231842041019,"z":45.82411193847656},"rotation":{"x":0.18843092024326325,"y":-0.5471380949020386,"z":0.12799935042858125,"w":0.8054501414299011},"size":148.05584716796876,"orthographic":false}