{"cameraMode":{"drawMode":0,"name":"Shaded","section":"Shading Mode"},"sceneLighting":true,"audioPlay":false,"sceneViewState":{"showFog":true,"showMaterialUpdate":false,"showSkybox":true,"showFlares":true,"showImageEffects":true,"showParticleSystems":true},"in2DMode":false,"pivot":{"x":-4.0849409103393559,"y":-111.19340515136719,"z":-276.01434326171877},"rotation":{"x":-0.0005445568240247667,"y":-0.9826859831809998,"z":0.1852555274963379,"w":-0.0028895954601466657},"size":320.98388671875,"orthographic":false}