{"cameraMode":{"drawMode":0,"name":"Shaded","section":"Shading Mode"},"sceneLighting":true,"audioPlay":false,"sceneViewState":{"showFog":true,"showMaterialUpdate":false,"showSkybox":true,"showFlares":true,"showImageEffects":true,"showParticleSystems":true},"in2DMode":false,"pivot":{"x":-7.985810279846191,"y":-169.87530517578126,"z":-89.04570770263672},"rotation":{"x":0.02235017903149128,"y":-0.8551909923553467,"z":0.516507089138031,"w":0.03700476884841919},"size":208.9167022705078,"orthographic":false}