{"cameraMode":{"drawMode":0,"name":"Shaded","section":"Shading Mode"},"sceneLighting":true,"audioPlay":false,"sceneViewState":{"showFog":true,"showMaterialUpdate":false,"showSkybox":true,"showFlares":true,"showImageEffects":true,"showParticleSystems":true},"in2DMode":false,"pivot":{"x":14.321395874023438,"y":15.5941162109375,"z":0.5712966918945313},"rotation":{"x":-0.3010953962802887,"y":0.6881654858589172,"z":-0.38794299960136416,"w":-0.5341068506240845},"size":35.923439025878909,"orthographic":false}