{"cameraMode":{"drawMode":0,"name":"Shaded","section":"Shading Mode"},"sceneLighting":false,"audioPlay":false,"sceneViewState":{"showFog":true,"showMaterialUpdate":false,"showSkybox":false,"showFlares":true,"showImageEffects":true,"showParticleSystems":true},"in2DMode":false,"pivot":{"x":1.3617713451385499,"y":1.732716679573059,"z":-1.3514635562896729},"rotation":{"x":-0.2715042531490326,"y":0.16697782278060914,"z":-0.04789135232567787,"w":-0.9466310739517212},"size":0.4041661024093628,"orthographic":false}