{"cameraMode":{"drawMode":0,"name":"Shaded","section":"Shading Mode"},"sceneLighting":true,"audioPlay":false,"sceneViewState":{"showFog":true,"showMaterialUpdate":false,"showSkybox":true,"showFlares":true,"showImageEffects":true,"showParticleSystems":true},"in2DMode":false,"pivot":{"x":0.6729239225387573,"y":0.8206584453582764,"z":3.724689483642578},"rotation":{"x":-0.003576283808797598,"y":0.9799432754516602,"z":-0.1984611451625824,"w":-0.01765461266040802},"size":8.25,"orthographic":false}