{"cameraMode":{"drawMode":0,"name":"Shaded","section":"Shading Mode"},"sceneLighting":true,"audioPlay":false,"sceneViewState":{"showFog":true,"showMaterialUpdate":false,"showSkybox":true,"showFlares":true,"showImageEffects":true,"showParticleSystems":true},"in2DMode":false,"pivot":{"x":-37.557186126708987,"y":-91.40269470214844,"z":-2.850759506225586},"rotation":{"x":0.3869015872478485,"y":-0.5970471501350403,"z":0.3996102511882782,"w":0.5780601501464844},"size":120.29978942871094,"orthographic":false}