{"cameraMode":{"drawMode":0,"name":"Shaded","section":"Shading Mode"},"sceneLighting":false,"audioPlay":false,"sceneViewState":{"showFog":true,"showMaterialUpdate":false,"showSkybox":false,"showFlares":true,"showImageEffects":true,"showParticleSystems":true},"in2DMode":false,"pivot":{"x":12.261231422424317,"y":2.675462245941162,"z":-6.852119445800781},"rotation":{"x":0.22057414054870606,"y":0.41347530484199526,"z":-0.10396307706832886,"w":0.877255380153656},"size":3.5079479217529299,"orthographic":false}