{"cameraMode":{"drawMode":0,"name":"Shaded","section":"Shading Mode"},"sceneLighting":true,"audioPlay":false,"sceneViewState":{"showFog":true,"showMaterialUpdate":false,"showSkybox":true,"showFlares":true,"showImageEffects":true,"showParticleSystems":true},"in2DMode":false,"pivot":{"x":-60.03215026855469,"y":-74.39934539794922,"z":4.918972969055176},"rotation":{"x":0.3190842866897583,"y":-0.6191143989562988,"z":0.3039150834083557,"w":0.6500141024589539},"size":119.57044219970703,"orthographic":false}