{"cameraMode":{"drawMode":0,"name":"Shaded","section":"Shading Mode"},"sceneLighting":false,"audioPlay":false,"sceneViewState":{"showFog":true,"showMaterialUpdate":false,"showSkybox":false,"showFlares":true,"showImageEffects":true,"showParticleSystems":true},"in2DMode":false,"pivot":{"x":-0.01769212633371353,"y":-0.6924931406974793,"z":1.055393934249878},"rotation":{"x":-0.054264429956674579,"y":0.026055343449115754,"z":-0.0014164920430630446,"w":-0.9981856346130371},"size":2.6503801345825197,"orthographic":false}