{"cameraMode":{"drawMode":0,"name":"Shaded","section":"Shading Mode"},"sceneLighting":false,"audioPlay":false,"sceneViewState":{"showFog":true,"showMaterialUpdate":false,"showSkybox":false,"showFlares":true,"showImageEffects":true,"showParticleSystems":true},"in2DMode":false,"pivot":{"x":0.0014987960457801819,"y":-0.29704299569129946,"z":2.653923988342285},"rotation":{"x":-0.04829047620296478,"y":-0.0038986303843557836,"z":0.00018844516307581216,"w":-0.99882572889328},"size":3.8503799438476564,"orthographic":false}