{"cameraMode":{"drawMode":0,"name":"Shaded","section":"Shading Mode"},"sceneLighting":true,"audioPlay":false,"sceneViewState":{"showFog":true,"showMaterialUpdate":false,"showSkybox":true,"showFlares":true,"showImageEffects":true,"showParticleSystems":true},"in2DMode":false,"pivot":{"x":-3.266885757446289,"y":1.768492341041565,"z":2.3982930183410646},"rotation":{"x":0.007043199148029089,"y":0.9803412556648254,"z":-0.19394312798976899,"w":0.035602349787950519},"size":5.398499965667725,"orthographic":false}