{"cameraMode":{"drawMode":0,"name":"Shaded","section":"Shading Mode"},"sceneLighting":true,"audioPlay":false,"sceneViewState":{"showFog":true,"showMaterialUpdate":false,"showSkybox":true,"showFlares":true,"showImageEffects":true,"showParticleSystems":true},"in2DMode":false,"pivot":{"x":1.5830836296081544,"y":8.967301368713379,"z":-8.49894905090332},"rotation":{"x":0.0788072869181633,"y":0.7095419764518738,"z":-0.0803837776184082,"w":0.695613443851471},"size":26.636442184448243,"orthographic":true}