{"cameraMode":{"drawMode":0,"name":"Shaded","section":"Shading Mode"},"sceneLighting":true,"audioPlay":false,"sceneViewState":{"showFog":true,"showMaterialUpdate":false,"showSkybox":true,"showFlares":true,"showImageEffects":true,"showParticleSystems":true},"in2DMode":false,"pivot":{"x":-21.466243743896486,"y":2.8359928131103517,"z":15.056007385253907},"rotation":{"x":-0.00026384316151961684,"y":0.5207952260971069,"z":-0.00016208968008868396,"w":-0.8536815643310547},"size":4.375454902648926,"orthographic":true}