{"cameraMode":{"drawMode":0,"name":"Shaded","section":"Shading Mode"},"sceneLighting":true,"audioPlay":false,"sceneViewState":{"showFog":true,"showMaterialUpdate":false,"showSkybox":true,"showFlares":true,"showImageEffects":true,"showParticleSystems":true},"in2DMode":false,"pivot":{"x":30.452423095703126,"y":7.007318496704102,"z":-7.0653533935546879},"rotation":{"x":0.007359708193689585,"y":0.9916284084320068,"z":-0.0658511072397232,"w":0.11082717031240463},"size":98.63861846923828,"orthographic":false}