{"cameraMode":{"drawMode":0,"name":"Shaded","section":"Shading Mode"},"sceneLighting":true,"audioPlay":false,"sceneViewState":{"showFog":true,"showMaterialUpdate":false,"showSkybox":true,"showFlares":true,"showImageEffects":true,"showParticleSystems":true},"in2DMode":false,"pivot":{"x":1.4496583938598633,"y":2.158720016479492,"z":3.892577648162842},"rotation":{"x":-0.16551044583320619,"y":0.7859376072883606,"z":-0.23822735249996186,"w":-0.5460367202758789},"size":16.193105697631837,"orthographic":false}